request_id,employee_id,leave_type,start_date,end_date,days,status,created_at,created_via,comment
1,E1001,ANNUAL,2/16/2026,2/20/2026,5,approved,2026-01-20T10:16:00,portal,პროექტის პარტნიორის თანხმობით
2,E1001,SICK,3/10/2026,3/11/2026,2,approved,2026-03-10T10:17:00,portal,
3,E1001,ANNUAL,5/4/2026,5/5/2026,2,cancelled,2026-04-20T10:18:00,portal,გაუქმებულია თანამშრომლის მიერ
4,E1001,ANNUAL,7/13/2026,7/24/2026,10,approved,2026-06-01T10:19:00,portal,
5,E1001,ANNUAL,11/9/2026,11/11/2026,3,pending,2026-10-12T10:20:00,portal,
6,E1002,ANNUAL,5/4/2026,5/8/2026,5,approved,2026-04-01T10:21:00,portal,
7,E1002,ANNUAL,8/3/2026,8/21/2026,15,approved,2026-06-15T10:22:00,portal,"ხელმძღვანელის თანხმობით, 15 სამუშაო დღე"
8,E1002,ANNUAL,10/26/2026,10/30/2026,5,rejected,2026-10-05T10:23:00,portal,უარყოფილია: კლიენტის პროექტის ვადა
9,E1003,ANNUAL,4/6/2026,4/8/2026,3,approved,2026-03-16T10:24:00,portal,
10,E1003,ANNUAL,6/15/2026,6/19/2026,5,approved,2026-05-20T10:25:00,portal,
11,E1003,ANNUAL,8/10/2026,8/12/2026,3,approved,2026-07-13T10:26:00,portal,
12,E1005,ANNUAL,3/23/2026,3/27/2026,5,approved,2026-03-02T10:27:00,portal,
13,E1005,ANNUAL,8/24/2026,8/28/2026,4,approved,2026-07-27T10:28:00,portal,
14,E1006,ANNUAL,7/6/2026,7/17/2026,10,approved,2026-06-01T10:29:00,portal,
15,E1006,ANNUAL,11/16/2026,11/18/2026,3,pending,2026-10-14T10:30:00,portal,
16,E1007,ANNUAL,6/1/2026,6/12/2026,10,approved,2026-05-04T10:31:00,portal,
17,E1008,ANNUAL,7/20/2026,7/31/2026,10,approved,2026-06-22T10:32:00,portal,
18,E1008,ANNUAL,9/14/2026,9/15/2026,2,approved,2026-09-01T10:33:00,portal,
19,E1009,SICK,1/20/2026,1/21/2026,2,approved,2026-01-20T10:34:00,portal,
20,E1009,ANNUAL,4/14/2026,4/17/2026,4,approved,2026-03-23T10:35:00,portal,
21,E1009,STUDY,6/5/2026,6/5/2026,1,approved,2026-05-18T10:36:00,portal,AZ-900 გამოცდა
22,E1009,ANNUAL,8/17/2026,8/26/2026,8,approved,2026-07-20T10:37:00,portal,
23,E1010,ANNUAL,4/20/2026,4/30/2026,9,approved,2026-03-30T10:38:00,portal,
24,E1011,ANNUAL,8/10/2026,8/21/2026,10,approved,2026-07-01T10:39:00,portal,
25,E1012,ANNUAL,7/27/2026,8/7/2026,10,approved,2026-06-29T10:40:00,portal,
26,E1013,ANNUAL,9/21/2026,9/25/2026,5,approved,2026-09-01T10:41:00,portal,
27,E1014,ANNUAL,6/22/2026,7/3/2026,10,approved,2026-06-01T10:42:00,portal,
