employee_id,year,leave_type,entitled_days,carried_over_days
E1001,2026,ANNUAL,25,3
E1001,2026,SICK,10,0
E1001,2026,STUDY,5,0
E1001,2026,UNPAID,30,0
E1002,2026,ANNUAL,24,0
E1002,2026,SICK,10,0
E1002,2026,STUDY,5,0
E1002,2026,UNPAID,30,0
E1003,2026,ANNUAL,26,0
E1003,2026,SICK,10,0
E1003,2026,STUDY,5,0
E1003,2026,UNPAID,30,0
E1004,2026,ANNUAL,8,0
E1004,2026,SICK,10,0
E1004,2026,STUDY,5,0
E1004,2026,UNPAID,30,0
E1005,2026,ANNUAL,24,0
E1005,2026,SICK,10,0
E1005,2026,STUDY,5,0
E1005,2026,UNPAID,30,0
E1006,2026,ANNUAL,25,0
E1006,2026,SICK,10,0
E1006,2026,STUDY,5,0
E1006,2026,UNPAID,30,0
E1007,2026,ANNUAL,25,0
E1007,2026,SICK,10,0
E1007,2026,STUDY,5,0
E1007,2026,UNPAID,30,0
E1008,2026,ANNUAL,24,0
E1008,2026,SICK,10,0
E1008,2026,STUDY,5,0
E1008,2026,UNPAID,30,0
E1009,2026,ANNUAL,24,0
E1009,2026,SICK,10,0
E1009,2026,STUDY,5,0
E1009,2026,UNPAID,30,0
E1010,2026,ANNUAL,26,0
E1010,2026,SICK,10,0
E1010,2026,STUDY,5,0
E1010,2026,UNPAID,30,0
E1011,2026,ANNUAL,25,0
E1011,2026,SICK,10,0
E1011,2026,STUDY,5,0
E1011,2026,UNPAID,30,0
E1012,2026,ANNUAL,26,0
E1012,2026,SICK,10,0
E1012,2026,STUDY,5,0
E1012,2026,UNPAID,30,0
E1013,2026,ANNUAL,25,0
E1013,2026,SICK,10,0
E1013,2026,STUDY,5,0
E1013,2026,UNPAID,30,0
E1014,2026,ANNUAL,26,0
E1014,2026,SICK,10,0
E1014,2026,STUDY,5,0
E1014,2026,UNPAID,30,0
