date,name
1/1/2026,ახალი წელი
1/2/2026,ახალი წელი
1/7/2026,შობა
1/19/2026,ნათლისღება
3/3/2026,დედის დღე
3/8/2026,ქალთა საერთაშორისო დღე
4/9/2026,ეროვნული ერთიანობის დღე
4/10/2026,დიდი პარასკევი
4/11/2026,დიდი შაბათი
4/12/2026,აღდგომა
4/13/2026,აღდგომის ორშაბათი
5/9/2026,ფაშიზმზე გამარჯვების დღე
5/12/2026,წმინდა ანდრია პირველწოდებულის დღე
5/26/2026,დამოუკიდებლობის დღე
8/28/2026,მარიამობა
10/14/2026,სვეტიცხოვლობა
11/23/2026,გიორგობა
1/1/2027,ახალი წელი
1/2/2027,ახალი წელი
1/7/2027,შობა
1/19/2027,ნათლისღება
3/3/2027,დედის დღე
3/8/2027,ქალთა საერთაშორისო დღე
4/9/2027,ეროვნული ერთიანობის დღე
4/30/2027,დიდი პარასკევი
5/1/2027,დიდი შაბათი
5/2/2027,აღდგომა
5/3/2027,აღდგომის ორშაბათი
5/9/2027,ფაშიზმზე გამარჯვების დღე
5/12/2027,წმინდა ანდრია პირველწოდებულის დღე
5/26/2027,დამოუკიდებლობის დღე
8/28/2027,მარიამობა
10/14/2027,სვეტიცხოვლობა
11/23/2027,გიორგობა
